Trade number,Instrument,Account,Strategy,Market pos.,Qty,Entry price,Exit price,Entry time,Exit time,Entry name,Exit name,Profit,Commission,MAE,MFE
1,MNQ DEC26,Sim-sample,,Long,3,24214.7,24222.95,09/02/2026 02:09:00 AM,09/02/2026 02:17:59 AM,,,$46.38,$3.12,$5.00,$54.50
2,MNQ DEC26,Sim-sample,,Long,1,24947.45,24957.89,09/02/2026 02:44:59 AM,09/02/2026 02:47:25 AM,,,$19.84,$1.04,$5.00,$25.88
3,MNQ DEC26,Sim-sample,,Long,2,24947.45,24961.02,09/02/2026 02:44:59 AM,09/02/2026 02:47:55 AM,,,$52.20,$2.08,$5.00,$59.28
4,MGC DEC26,Sim-sample,,Short,1,3513.32,3517.88,09/02/2026 03:25:25 AM,09/02/2026 03:40:24 AM,,,-$46.64,$1.04,$50.60,$5.00
5,MNQ DEC26,Sim-sample,,Long,1,24103.06,24113.41,09/02/2026 04:07:24 AM,09/02/2026 04:10:49 AM,,,$19.66,$1.04,$5.00,$25.70
6,MNQ DEC26,Sim-sample,,Long,2,24103.06,24116.51,09/02/2026 04:07:24 AM,09/02/2026 04:11:19 AM,,,$51.72,$2.08,$5.00,$58.80
7,MNQ DEC26,Sim-sample,,Long,1,24531.72,24536.57,09/02/2026 04:23:49 AM,09/02/2026 04:35:45 AM,,,$8.66,$1.04,$5.00,$14.70
8,MNQ DEC26,Sim-sample,,Long,2,24531.72,24538.03,09/02/2026 04:23:49 AM,09/02/2026 04:36:15 AM,,,$23.16,$2.08,$5.00,$30.24
9,MNQ DEC26,Sim-sample,,Short,2,24779.83,24769.68,09/02/2026 05:05:45 AM,09/02/2026 05:18:00 AM,,,$38.52,$2.08,$5.00,$45.60
10,MNQ DEC26,Sim-sample,,Short,2,24118.07,24125.53,09/02/2026 05:24:00 AM,09/02/2026 05:25:34 AM,,,-$31.92,$2.08,$34.84,$5.00
11,MNQ DEC26,Sim-sample,,Short,1,24077.62,24086.68,09/02/2026 05:52:34 AM,09/02/2026 06:04:18 AM,,,-$19.16,$1.04,$23.12,$5.00
12,MNQ DEC26,Sim-sample,,Short,2,24796.89,24808.02,09/02/2026 06:40:18 AM,09/02/2026 06:50:31 AM,,,-$46.60,$2.08,$49.52,$5.00
13,MES DEC26,Sim-sample,,Short,2,6540.3,6545.08,09/02/2026 06:55:31 AM,09/02/2026 07:08:19 AM,,,-$49.88,$2.08,$52.80,$5.00
14,MNQ DEC26,Sim-sample,,Short,2,24022.56,24037.2,09/02/2026 07:50:19 AM,09/02/2026 07:56:34 AM,,,-$60.64,$2.08,$63.56,$5.00
15,MNQ DEC26,Sim-sample,,Long,2,24738.36,24748.27,09/02/2026 08:26:34 AM,09/02/2026 08:29:06 AM,,,$37.56,$2.08,$5.00,$44.64
16,MNQ DEC26,Sim-sample,,Short,2,24430.52,24445.12,09/03/2026 09:58:00 PM,09/03/2026 10:12:18 PM,,,-$60.48,$2.08,$63.40,$5.00
17,MNQ DEC26,Sim-sample,,Short,2,24150.92,24159.49,09/03/2026 10:48:18 PM,09/03/2026 10:52:34 PM,,,-$36.36,$2.08,$39.28,$5.00
18,MNQ DEC26,Sim-sample,,Long,1,24281.93,24290.23,09/03/2026 11:04:34 PM,09/03/2026 11:09:23 PM,,,$15.56,$1.04,$5.00,$21.60
19,MNQ DEC26,Sim-sample,,Short,1,24859.2,24874.64,09/03/2026 11:19:23 PM,09/03/2026 11:31:30 PM,,,-$31.92,$1.04,$35.88,$5.00
20,MNQ DEC26,Sim-sample,,Short,2,24859.2,24879.27,09/03/2026 11:19:23 PM,09/03/2026 11:32:00 PM,,,-$82.36,$2.08,$85.28,$5.00
21,MNQ DEC26,Sim-sample,,Long,2,24797.87,24784.51,09/04/2026 12:13:30 AM,09/04/2026 12:25:26 AM,,,-$55.52,$2.08,$58.44,$5.00
22,MNQ DEC26,Sim-sample,,Short,1,24067.35,24060.75,09/04/2026 12:51:26 AM,09/04/2026 12:55:01 AM,,,$12.16,$1.04,$5.00,$18.20
23,MNQ DEC26,Sim-sample,,Long,2,24151.26,24155.18,09/04/2026 01:09:01 AM,09/04/2026 01:19:01 AM,,,$13.60,$2.08,$5.00,$20.68
24,MGC DEC26,Sim-sample,,Long,1,3563.44,3552.07,09/04/2026 01:26:01 AM,09/04/2026 01:28:53 AM,,,-$114.74,$1.04,$118.70,$5.00
25,MNQ DEC26,Sim-sample,,Short,1,24480.4,24473.01,09/04/2026 01:51:53 AM,09/04/2026 02:00:10 AM,,,$13.74,$1.04,$5.00,$19.78
26,MNQ DEC26,Sim-sample,,Long,2,24161.44,24151.7,09/04/2026 02:20:10 AM,09/04/2026 02:32:18 AM,,,-$41.04,$2.08,$43.96,$5.00
27,MNQ DEC26,Sim-sample,,Short,1,24528.11,24543.08,09/04/2026 02:34:18 AM,09/04/2026 02:47:34 AM,,,-$30.98,$1.04,$34.94,$5.00
28,MES DEC26,Sim-sample,,Short,1,6444.56,6440.06,09/04/2026 03:29:34 AM,09/04/2026 03:43:04 AM,,,$21.46,$1.04,$5.00,$27.50
29,MES DEC26,Sim-sample,,Short,2,6444.56,6438.71,09/04/2026 03:29:34 AM,09/04/2026 03:43:34 AM,,,$56.42,$2.08,$5.00,$63.50
30,MNQ DEC26,Sim-sample,,Long,3,24195.15,24179.33,09/04/2026 04:16:04 AM,09/04/2026 04:30:57 AM,,,-$98.04,$3.12,$99.92,$5.00
31,MNQ DEC26,Sim-sample,,Long,1,24692.52,24682.85,09/04/2026 01:12:00 AM,09/04/2026 01:15:38 AM,,,-$20.38,$1.04,$24.34,$5.00
32,MNQ DEC26,Sim-sample,,Short,2,24196.71,24192.79,09/04/2026 01:38:38 AM,09/04/2026 01:46:59 AM,,,$13.60,$2.08,$5.00,$20.68
33,MNQ DEC26,Sim-sample,,Long,2,24084.78,24076.65,09/04/2026 02:00:59 AM,09/04/2026 02:12:17 AM,,,-$34.60,$2.08,$37.52,$5.00
34,MNQ DEC26,Sim-sample,,Short,1,24635.84,24631.23,09/04/2026 02:55:17 AM,09/04/2026 03:09:05 AM,,,$8.18,$1.04,$5.00,$14.22
35,MES DEC26,Sim-sample,,Short,2,6431.77,6420.25,09/04/2026 03:15:05 AM,09/04/2026 03:27:47 AM,,,$113.12,$2.08,$5.00,$120.20
36,MNQ DEC26,Sim-sample,,Short,1,24657.27,24648.91,09/04/2026 03:36:47 AM,09/04/2026 03:45:12 AM,,,$15.68,$1.04,$5.00,$21.72
37,MNQ DEC26,Sim-sample,,Long,1,24102.77,24114.51,09/04/2026 04:08:12 AM,09/04/2026 04:19:37 AM,,,$22.44,$1.04,$5.00,$28.48
38,MGC DEC26,Sim-sample,,Short,1,3521.28,3527.81,09/04/2026 05:07:37 AM,09/04/2026 05:12:14 AM,,,-$66.34,$1.04,$70.30,$5.00
39,MNQ DEC26,Sim-sample,,Short,2,24910.02,24899.51,09/04/2026 05:45:14 AM,09/04/2026 05:46:36 AM,,,$39.96,$2.08,$5.00,$47.04
40,MES DEC26,Sim-sample,,Short,3,6403.74,6399.37,09/04/2026 06:09:36 AM,09/04/2026 06:18:38 AM,,,$62.43,$3.12,$5.00,$70.55
41,MNQ DEC26,Sim-sample,,Long,1,24556.48,24565.05,09/04/2026 06:30:38 AM,09/04/2026 06:33:01 AM,,,$16.10,$1.04,$5.00,$22.14
42,MNQ DEC26,Sim-sample,,Short,1,24276.92,24281.6,09/04/2026 06:54:01 AM,09/04/2026 06:57:36 AM,,,-$10.40,$1.04,$14.36,$5.00
43,MNQ DEC26,Sim-sample,,Short,1,24443.25,24432.2,09/04/2026 07:47:36 AM,09/04/2026 07:49:00 AM,,,$21.06,$1.04,$5.00,$27.10
44,MNQ DEC26,Sim-sample,,Short,2,24443.25,24428.89,09/04/2026 07:47:36 AM,09/04/2026 07:49:30 AM,,,$55.36,$2.08,$5.00,$62.44
45,MNQ DEC26,Sim-sample,,Long,2,24507.75,24515.55,09/04/2026 08:22:00 AM,09/04/2026 08:30:29 AM,,,$29.12,$2.08,$5.00,$36.20
46,MGC DEC26,Sim-sample,,Long,2,3531.6,3535.69,09/07/2026 10:56:00 PM,09/07/2026 11:03:52 PM,,,$79.72,$2.08,$5.00,$86.80
47,MNQ DEC26,Sim-sample,,Long,1,24154.45,24141.04,09/07/2026 11:46:52 PM,09/08/2026 12:00:27 AM,,,-$27.86,$1.04,$31.82,$5.00
48,MNQ DEC26,Sim-sample,,Short,1,24219.59,24215.35,09/08/2026 12:46:27 AM,09/08/2026 12:54:45 AM,,,$7.44,$1.04,$5.00,$13.48
49,MNQ DEC26,Sim-sample,,Short,1,24706.32,24720.31,09/08/2026 01:01:45 AM,09/08/2026 01:04:50 AM,,,-$29.02,$1.04,$32.98,$5.00
50,MNQ DEC26,Sim-sample,,Short,1,24019.48,24015.65,09/08/2026 01:37:50 AM,09/08/2026 01:44:24 AM,,,$6.62,$1.04,$5.00,$12.66
51,MNQ DEC26,Sim-sample,,Long,2,24960.77,24969.39,09/08/2026 02:20:24 AM,09/08/2026 02:29:28 AM,,,$32.40,$2.08,$5.00,$39.48
52,MGC DEC26,Sim-sample,,Long,1,3518.16,3523.61,09/08/2026 02:37:28 AM,09/08/2026 02:51:05 AM,,,$53.46,$1.04,$5.00,$59.50
53,MNQ DEC26,Sim-sample,,Short,2,24570.59,24562.76,09/08/2026 03:40:05 AM,09/08/2026 03:49:12 AM,,,$29.24,$2.08,$5.00,$36.32
54,MNQ DEC26,Sim-sample,,Short,1,24268.92,24275.12,09/08/2026 04:34:12 AM,09/08/2026 04:35:46 AM,,,-$13.44,$1.04,$17.40,$5.00
55,MNQ DEC26,Sim-sample,,Short,1,24862.77,24857.77,09/08/2026 04:37:46 AM,09/08/2026 04:42:36 AM,,,$8.96,$1.04,$5.00,$15.00
56,MNQ DEC26,Sim-sample,,Short,1,24938.13,24930.39,09/08/2026 12:21:00 AM,09/08/2026 12:25:24 AM,,,$14.44,$1.04,$5.00,$20.48
57,MNQ DEC26,Sim-sample,,Short,2,24938.13,24928.07,09/08/2026 12:21:00 AM,09/08/2026 12:25:54 AM,,,$38.16,$2.08,$5.00,$45.24
58,MNQ DEC26,Sim-sample,,Long,2,24289.96,24279.59,09/08/2026 12:42:24 AM,09/08/2026 12:46:14 AM,,,-$43.56,$2.08,$46.48,$5.00
59,MNQ DEC26,Sim-sample,,Short,2,24015.35,24031.28,09/08/2026 01:19:14 AM,09/08/2026 01:20:11 AM,,,-$65.80,$2.08,$68.72,$5.00
60,MNQ DEC26,Sim-sample,,Long,1,24658.32,24669.73,09/08/2026 02:07:11 AM,09/08/2026 02:09:19 AM,,,$21.78,$1.04,$5.00,$27.82
61,MNQ DEC26,Sim-sample,,Long,2,24658.32,24673.16,09/08/2026 02:07:11 AM,09/08/2026 02:09:49 AM,,,$57.28,$2.08,$5.00,$64.36
62,MNQ DEC26,Sim-sample,,Short,1,24342.7,24337.76,09/08/2026 02:52:19 AM,09/08/2026 02:56:34 AM,,,$8.84,$1.04,$5.00,$14.88
63,MNQ DEC26,Sim-sample,,Short,2,24342.7,24336.28,09/08/2026 02:52:19 AM,09/08/2026 02:57:04 AM,,,$23.60,$2.08,$5.00,$30.68
64,MNQ DEC26,Sim-sample,,Long,2,24129.82,24114.04,09/08/2026 03:42:34 AM,09/08/2026 03:57:11 AM,,,-$65.20,$2.08,$68.12,$5.00
65,MNQ DEC26,Sim-sample,,Short,2,24380.88,24377.12,09/08/2026 04:02:11 AM,09/08/2026 04:16:52 AM,,,$12.96,$2.08,$5.00,$20.04
66,MNQ DEC26,Sim-sample,,Short,3,24185.35,24179.71,09/08/2026 04:49:52 AM,09/08/2026 04:58:02 AM,,,$30.72,$3.12,$5.00,$38.84
67,MNQ DEC26,Sim-sample,,Short,3,24217.87,24214.56,09/08/2026 04:59:02 AM,09/08/2026 05:04:38 AM,,,$16.74,$3.12,$5.00,$24.86
68,MNQ DEC26,Sim-sample,,Short,2,24776.24,24771.43,09/08/2026 05:26:38 AM,09/08/2026 05:35:34 AM,,,$17.16,$2.08,$5.00,$24.24
69,MNQ DEC26,Sim-sample,,Long,1,24299.65,24303.03,09/08/2026 05:41:34 AM,09/08/2026 05:42:17 AM,,,$5.72,$1.04,$5.00,$11.76
70,MNQ DEC26,Sim-sample,,Long,1,24149.46,24155.4,09/08/2026 06:23:17 AM,09/08/2026 06:32:03 AM,,,$10.84,$1.04,$5.00,$16.88
71,MNQ DEC26,Sim-sample,,Long,2,24149.46,24157.18,09/08/2026 06:23:17 AM,09/08/2026 06:32:33 AM,,,$28.80,$2.08,$5.00,$35.88
72,MNQ DEC26,Sim-sample,,Short,1,24568.48,24560.77,09/08/2026 07:14:03 AM,09/08/2026 07:22:59 AM,,,$14.38,$1.04,$5.00,$20.42
73,MNQ DEC26,Sim-sample,,Short,2,24568.48,24558.45,09/08/2026 07:14:03 AM,09/08/2026 07:23:29 AM,,,$38.04,$2.08,$5.00,$45.12
74,MES DEC26,Sim-sample,,Long,1,6591.9,6596.1,09/08/2026 07:24:59 AM,09/08/2026 07:31:28 AM,,,$19.96,$1.04,$5.00,$26.00
75,MNQ DEC26,Sim-sample,,Long,2,24748.27,24755.38,09/09/2026 09:35:00 PM,09/09/2026 09:36:31 PM,,,$26.36,$2.08,$5.00,$33.44
76,MES DEC26,Sim-sample,,Long,1,6561.84,6571.47,09/09/2026 10:09:31 PM,09/09/2026 10:14:09 PM,,,$47.11,$1.04,$5.00,$53.15
77,MES DEC26,Sim-sample,,Long,2,6561.84,6574.36,09/09/2026 10:09:31 PM,09/09/2026 10:14:39 PM,,,$123.12,$2.08,$5.00,$130.20
78,MNQ DEC26,Sim-sample,,Long,1,24845.53,24829.82,09/09/2026 10:30:09 PM,09/09/2026 10:38:54 PM,,,-$32.46,$1.04,$36.42,$5.00
79,MNQ DEC26,Sim-sample,,Short,1,24599.71,24611.42,09/09/2026 10:43:54 PM,09/09/2026 10:45:33 PM,,,-$24.46,$1.04,$28.42,$5.00
80,MNQ DEC26,Sim-sample,,Short,1,24485.8,24489.95,09/09/2026 11:07:33 PM,09/09/2026 11:08:55 PM,,,-$9.34,$1.04,$13.30,$5.00
81,MNQ DEC26,Sim-sample,,Short,2,24485.8,24491.19,09/09/2026 11:07:33 PM,09/09/2026 11:09:25 PM,,,-$23.64,$2.08,$26.56,$5.00
82,MNQ DEC26,Sim-sample,,Short,2,24466.34,24473.77,09/09/2026 11:15:55 PM,09/09/2026 11:24:12 PM,,,-$31.80,$2.08,$34.72,$5.00
83,MGC DEC26,Sim-sample,,Short,1,3596.81,3593.12,09/10/2026 10:12:00 PM,09/10/2026 10:20:58 PM,,,$35.86,$1.04,$5.00,$41.90
84,MGC DEC26,Sim-sample,,Short,1,3558.15,3573.32,09/10/2026 10:49:58 PM,09/10/2026 10:51:34 PM,,,-$152.74,$1.04,$156.70,$5.00
85,MNQ DEC26,Sim-sample,,Short,2,24279.57,24269.19,09/10/2026 11:01:34 PM,09/10/2026 11:10:34 PM,,,$39.44,$2.08,$5.00,$46.52
86,MNQ DEC26,Sim-sample,,Long,2,24159.07,24149.24,09/10/2026 11:18:34 PM,09/10/2026 11:19:19 PM,,,-$41.40,$2.08,$44.32,$5.00
87,MNQ DEC26,Sim-sample,,Short,2,24316.08,24325.07,09/10/2026 11:51:19 PM,09/10/2026 11:58:04 PM,,,-$38.04,$2.08,$40.96,$5.00
88,MNQ DEC26,Sim-sample,,Short,2,24713.02,24718.46,09/11/2026 12:52:04 AM,09/11/2026 12:55:44 AM,,,-$23.84,$2.08,$26.76,$5.00
89,MNQ DEC26,Sim-sample,,Short,2,24076.4,24069.89,09/11/2026 01:53:44 AM,09/11/2026 02:04:07 AM,,,$23.96,$2.08,$5.00,$31.04
90,MNQ DEC26,Sim-sample,,Short,1,24285.62,24282.16,09/11/2026 03:04:07 AM,09/11/2026 03:15:44 AM,,,$5.88,$1.04,$5.00,$11.92
91,MNQ DEC26,Sim-sample,,Short,2,24785.14,24780.43,09/11/2026 04:15:44 AM,09/11/2026 04:22:26 AM,,,$16.76,$2.08,$5.00,$23.84
92,MES DEC26,Sim-sample,,Short,3,6586.69,6577.21,09/11/2026 04:50:26 AM,09/11/2026 04:51:36 AM,,,$139.08,$3.12,$5.00,$147.20
93,MNQ DEC26,Sim-sample,,Long,1,24255.74,24261.83,09/11/2026 01:41:00 AM,09/11/2026 01:46:24 AM,,,$11.14,$1.04,$5.00,$17.18
94,MGC DEC26,Sim-sample,,Short,2,3566.89,3574.5,09/11/2026 02:34:24 AM,09/11/2026 02:44:14 AM,,,-$154.28,$2.08,$157.20,$5.00
95,MNQ DEC26,Sim-sample,,Long,1,24550.39,24561.54,09/11/2026 02:52:14 AM,09/11/2026 03:01:03 AM,,,$21.26,$1.04,$5.00,$27.30
96,MGC DEC26,Sim-sample,,Short,2,3517.47,3512.74,09/11/2026 03:30:03 AM,09/11/2026 03:31:55 AM,,,$92.52,$2.08,$5.00,$99.60
97,MNQ DEC26,Sim-sample,,Long,2,24749.66,24757.79,09/11/2026 04:07:55 AM,09/11/2026 04:08:35 AM,,,$30.44,$2.08,$5.00,$37.52
98,MNQ DEC26,Sim-sample,,Long,2,24277.52,24287.29,09/11/2026 04:35:35 AM,09/11/2026 04:44:25 AM,,,$37.00,$2.08,$5.00,$44.08
99,MNQ DEC26,Sim-sample,,Long,1,24645.79,24651.03,09/11/2026 05:08:25 AM,09/11/2026 05:15:34 AM,,,$9.44,$1.04,$5.00,$15.48
100,MGC DEC26,Sim-sample,,Long,1,3547.33,3556.72,09/11/2026 05:43:34 AM,09/11/2026 05:57:37 AM,,,$92.86,$1.04,$5.00,$98.90
101,MNQ DEC26,Sim-sample,,Long,2,24855.46,24840.32,09/11/2026 06:35:37 AM,09/11/2026 06:44:57 AM,,,-$62.64,$2.08,$65.56,$5.00
102,MNQ DEC26,Sim-sample,,Long,1,24108.89,24116.59,09/11/2026 07:13:57 AM,09/11/2026 07:25:55 AM,,,$14.36,$1.04,$5.00,$20.40
103,MES DEC26,Sim-sample,,Long,1,6543.0,6554.28,09/14/2026 09:05:00 PM,09/14/2026 09:16:20 PM,,,$55.36,$1.04,$5.00,$61.40
104,MNQ DEC26,Sim-sample,,Short,1,24191.7,24186.0,09/14/2026 09:25:20 PM,09/14/2026 09:35:36 PM,,,$10.36,$1.04,$5.00,$16.40
105,MNQ DEC26,Sim-sample,,Long,1,24958.94,24970.91,09/14/2026 09:52:36 PM,09/14/2026 09:57:41 PM,,,$22.90,$1.04,$5.00,$28.94
106,MES DEC26,Sim-sample,,Long,2,6592.12,6600.04,09/14/2026 10:39:41 PM,09/14/2026 10:40:30 PM,,,$77.12,$2.08,$5.00,$84.20
107,MNQ DEC26,Sim-sample,,Long,1,24420.02,24430.98,09/14/2026 11:26:30 PM,09/14/2026 11:37:52 PM,,,$20.88,$1.04,$5.00,$26.92
108,MNQ DEC26,Sim-sample,,Short,2,24718.33,24715.02,09/14/2026 11:54:52 PM,09/15/2026 12:00:58 AM,,,$11.16,$2.08,$5.00,$18.24
109,MNQ DEC26,Sim-sample,,Long,1,24067.43,24054.56,09/15/2026 12:24:58 AM,09/15/2026 12:33:54 AM,,,-$26.78,$1.04,$30.74,$5.00
110,MGC DEC26,Sim-sample,,Short,1,3588.93,3583.94,09/15/2026 01:05:54 AM,09/15/2026 01:19:12 AM,,,$48.86,$1.04,$5.00,$54.90
111,MGC DEC26,Sim-sample,,Short,3,3591.04,3586.03,09/15/2026 01:26:12 AM,09/15/2026 01:33:39 AM,,,$147.18,$3.12,$5.00,$155.30
112,MNQ DEC26,Sim-sample,,Short,1,24415.38,24403.61,09/15/2026 02:12:39 AM,09/15/2026 02:15:24 AM,,,$22.50,$1.04,$5.00,$28.54
113,MNQ DEC26,Sim-sample,,Short,2,24113.21,24127.81,09/15/2026 03:01:24 AM,09/15/2026 03:14:14 AM,,,-$60.48,$2.08,$63.40,$5.00
114,MGC DEC26,Sim-sample,,Short,1,3546.76,3535.34,09/15/2026 03:20:14 AM,09/15/2026 03:33:18 AM,,,$113.16,$1.04,$5.00,$119.20
115,MNQ DEC26,Sim-sample,,Short,2,24002.87,24012.18,09/15/2026 03:53:18 AM,09/15/2026 03:55:29 AM,,,-$39.32,$2.08,$42.24,$5.00
116,MNQ DEC26,Sim-sample,,Short,1,24356.63,24346.8,09/15/2026 04:13:29 AM,09/15/2026 04:20:18 AM,,,$18.62,$1.04,$5.00,$24.66
117,MNQ DEC26,Sim-sample,,Short,1,24323.31,24312.03,09/15/2026 02:52:00 AM,09/15/2026 02:55:37 AM,,,$21.52,$1.04,$5.00,$27.56
118,MES DEC26,Sim-sample,,Long,2,6408.13,6416.76,09/15/2026 03:43:37 AM,09/15/2026 03:50:51 AM,,,$84.22,$2.08,$5.00,$91.30
119,MNQ DEC26,Sim-sample,,Long,2,24339.07,24342.64,09/15/2026 03:53:51 AM,09/15/2026 04:04:31 AM,,,$12.20,$2.08,$5.00,$19.28
120,MNQ DEC26,Sim-sample,,Long,2,24297.41,24285.14,09/15/2026 04:22:31 AM,09/15/2026 04:27:33 AM,,,-$51.16,$2.08,$54.08,$5.00
121,MES DEC26,Sim-sample,,Long,1,6591.36,6586.07,09/15/2026 05:14:33 AM,09/15/2026 05:27:05 AM,,,-$27.49,$1.04,$31.45,$5.00
122,MNQ DEC26,Sim-sample,,Short,2,24182.94,24188.53,09/15/2026 06:17:05 AM,09/15/2026 06:25:53 AM,,,-$24.44,$2.08,$27.36,$5.00
123,MGC DEC26,Sim-sample,,Short,1,3546.08,3540.13,09/15/2026 07:17:53 AM,09/15/2026 07:23:40 AM,,,$58.46,$1.04,$5.00,$64.50
124,MES DEC26,Sim-sample,,Long,1,6481.55,6491.33,09/15/2026 08:14:40 AM,09/15/2026 08:19:13 AM,,,$47.86,$1.04,$5.00,$53.90
125,MES DEC26,Sim-sample,,Long,2,6481.55,6494.26,09/15/2026 08:14:40 AM,09/15/2026 08:19:43 AM,,,$125.02,$2.08,$5.00,$132.10
126,MNQ DEC26,Sim-sample,,Short,1,24264.89,24279.49,09/15/2026 08:50:13 AM,09/15/2026 08:51:46 AM,,,-$30.24,$1.04,$34.20,$5.00
127,MNQ DEC26,Sim-sample,,Short,2,24234.2,24249.87,09/15/2026 08:57:46 AM,09/15/2026 09:01:03 AM,,,-$64.76,$2.08,$67.68,$5.00
128,MNQ DEC26,Sim-sample,,Long,3,24779.75,24767.78,09/15/2026 09:28:03 AM,09/15/2026 09:30:27 AM,,,-$74.94,$3.12,$76.82,$5.00
129,MNQ DEC26,Sim-sample,,Short,2,24185.74,24192.13,09/15/2026 09:48:27 AM,09/15/2026 09:53:00 AM,,,-$27.64,$2.08,$30.56,$5.00
130,MNQ DEC26,Sim-sample,,Long,2,24231.38,24236.59,09/16/2026 01:18:00 AM,09/16/2026 01:27:18 AM,,,$18.76,$2.08,$5.00,$25.84
131,MNQ DEC26,Sim-sample,,Short,1,24231.11,24223.84,09/16/2026 02:19:18 AM,09/16/2026 02:33:36 AM,,,$13.50,$1.04,$5.00,$19.54
132,MGC DEC26,Sim-sample,,Long,2,3597.3,3600.75,09/16/2026 03:02:36 AM,09/16/2026 03:13:10 AM,,,$66.92,$2.08,$5.00,$74.00
133,MNQ DEC26,Sim-sample,,Long,2,24259.95,24264.55,09/16/2026 03:51:10 AM,09/16/2026 04:01:47 AM,,,$16.32,$2.08,$5.00,$23.40
134,MNQ DEC26,Sim-sample,,Long,1,24217.65,24205.13,09/16/2026 04:51:47 AM,09/16/2026 04:58:05 AM,,,-$26.08,$1.04,$30.04,$5.00
135,MNQ DEC26,Sim-sample,,Long,1,24651.64,24647.18,09/16/2026 05:22:05 AM,09/16/2026 05:34:54 AM,,,-$9.96,$1.04,$13.92,$5.00
136,MES DEC26,Sim-sample,,Short,2,6415.59,6421.81,09/16/2026 05:48:54 AM,09/16/2026 05:54:33 AM,,,-$64.28,$2.08,$67.20,$5.00
137,MES DEC26,Sim-sample,,Short,1,6510.03,6499.87,09/16/2026 05:57:33 AM,09/16/2026 06:09:12 AM,,,$49.76,$1.04,$5.00,$55.80
138,MNQ DEC26,Sim-sample,,Long,2,24667.81,24658.89,09/16/2026 06:50:12 AM,09/16/2026 06:55:22 AM,,,-$37.76,$2.08,$40.68,$5.00
139,MGC DEC26,Sim-sample,,Short,1,3586.42,3595.39,09/16/2026 07:22:22 AM,09/16/2026 07:23:00 AM,,,-$90.74,$1.04,$94.70,$5.00
140,MGC DEC26,Sim-sample,,Short,2,3586.42,3598.08,09/16/2026 07:22:22 AM,09/16/2026 07:23:30 AM,,,-$235.28,$2.08,$238.20,$5.00
141,MNQ DEC26,Sim-sample,,Short,2,24423.75,24420.7,09/16/2026 07:47:00 AM,09/16/2026 07:50:00 AM,,,$10.12,$2.08,$5.00,$17.20
142,MNQ DEC26,Sim-sample,,Short,2,24551.55,24557.11,09/16/2026 08:43:00 AM,09/16/2026 08:44:12 AM,,,-$24.32,$2.08,$27.24,$5.00
143,MES DEC26,Sim-sample,,Short,1,6500.89,6489.54,09/16/2026 09:26:12 AM,09/16/2026 09:39:06 AM,,,$55.71,$1.04,$5.00,$61.75
144,MNQ DEC26,Sim-sample,,Long,1,24490.51,24494.11,09/16/2026 09:49:06 AM,09/16/2026 09:55:58 AM,,,$6.16,$1.04,$5.00,$12.20
145,MNQ DEC26,Sim-sample,,Long,2,24490.51,24495.2,09/16/2026 09:49:06 AM,09/16/2026 09:56:28 AM,,,$16.68,$2.08,$5.00,$23.76
146,MNQ DEC26,Sim-sample,,Long,1,24607.64,24597.85,09/16/2026 10:47:58 AM,09/16/2026 10:49:12 AM,,,-$20.62,$1.04,$24.58,$5.00
147,MNQ DEC26,Sim-sample,,Long,1,24829.19,24817.81,09/17/2026 09:05:00 PM,09/17/2026 09:08:40 PM,,,-$23.80,$1.04,$27.76,$5.00
148,MNQ DEC26,Sim-sample,,Long,2,24123.06,24117.18,09/17/2026 09:20:40 PM,09/17/2026 09:27:07 PM,,,-$25.60,$2.08,$28.52,$5.00
149,MGC DEC26,Sim-sample,,Long,1,3503.81,3489.7,09/17/2026 09:43:07 PM,09/17/2026 09:54:55 PM,,,-$142.14,$1.04,$146.10,$5.00
150,MNQ DEC26,Sim-sample,,Short,3,24306.21,24295.57,09/17/2026 10:48:55 PM,09/17/2026 11:02:31 PM,,,$60.72,$3.12,$5.00,$68.84
151,MNQ DEC26,Sim-sample,,Short,2,24003.51,23996.56,09/17/2026 11:40:31 PM,09/17/2026 11:41:14 PM,,,$25.72,$2.08,$5.00,$32.80
152,MNQ DEC26,Sim-sample,,Short,3,24810.53,24820.03,09/18/2026 12:13:14 AM,09/18/2026 12:16:37 AM,,,-$60.12,$3.12,$62.00,$5.00
153,MNQ DEC26,Sim-sample,,Short,2,24657.1,24650.12,09/18/2026 12:21:37 AM,09/18/2026 12:30:39 AM,,,$25.84,$2.08,$5.00,$32.92
154,MNQ DEC26,Sim-sample,,Long,2,24752.06,24741.92,09/18/2026 12:33:39 AM,09/18/2026 12:34:54 AM,,,-$42.64,$2.08,$45.56,$5.00
155,MNQ DEC26,Sim-sample,,Long,1,24692.55,24676.6,09/18/2026 01:32:54 AM,09/18/2026 01:45:43 AM,,,-$32.94,$1.04,$36.90,$5.00
156,MNQ DEC26,Sim-sample,,Short,2,24686.13,24701.12,09/18/2026 01:53:43 AM,09/18/2026 01:56:52 AM,,,-$62.04,$2.08,$64.96,$5.00
157,MGC DEC26,Sim-sample,,Long,2,3589.65,3594.92,09/18/2026 02:43:52 AM,09/18/2026 02:49:43 AM,,,$103.32,$2.08,$5.00,$110.40
158,MGC DEC26,Sim-sample,,Short,1,3520.83,3509.15,09/18/2026 03:07:43 AM,09/18/2026 03:16:14 AM,,,$115.76,$1.04,$5.00,$121.80
159,MNQ DEC26,Sim-sample,,Long,2,24161.23,24166.02,09/18/2026 03:33:14 AM,09/18/2026 03:40:27 AM,,,$17.08,$2.08,$5.00,$24.16
160,MNQ DEC26,Sim-sample,,Short,2,24768.27,24758.21,09/18/2026 04:40:27 AM,09/18/2026 04:42:44 AM,,,$38.16,$2.08,$5.00,$45.24
161,MNQ DEC26,Sim-sample,,Short,2,24252.03,24243.81,09/18/2026 04:46:44 AM,09/18/2026 04:48:51 AM,,,$30.80,$2.08,$5.00,$37.88
162,MNQ DEC26,Sim-sample,,Short,3,24442.28,24436.3,09/18/2026 09:47:00 PM,09/18/2026 09:48:43 PM,,,$32.76,$3.12,$5.00,$40.88
163,MGC DEC26,Sim-sample,,Short,1,3592.85,3584.1,09/18/2026 10:36:43 PM,09/18/2026 10:47:02 PM,,,$86.46,$1.04,$5.00,$92.50
164,MGC DEC26,Sim-sample,,Short,2,3592.85,3581.47,09/18/2026 10:36:43 PM,09/18/2026 10:47:32 PM,,,$225.52,$2.08,$5.00,$232.60
165,MNQ DEC26,Sim-sample,,Long,1,24417.69,24426.23,09/18/2026 11:34:02 PM,09/18/2026 11:41:44 PM,,,$16.04,$1.04,$5.00,$22.08
166,MES DEC26,Sim-sample,,Long,2,6410.88,6419.76,09/19/2026 12:05:44 AM,09/19/2026 12:06:26 AM,,,$86.72,$2.08,$5.00,$93.80
167,MNQ DEC26,Sim-sample,,Long,3,24301.15,24306.17,09/19/2026 12:43:26 AM,09/19/2026 12:53:43 AM,,,$27.00,$3.12,$5.00,$35.12
168,MNQ DEC26,Sim-sample,,Short,1,24707.47,24696.04,09/19/2026 01:17:43 AM,09/19/2026 01:22:12 AM,,,$21.82,$1.04,$5.00,$27.86
169,MNQ DEC26,Sim-sample,,Long,2,24056.13,24061.51,09/19/2026 01:51:12 AM,09/19/2026 01:51:43 AM,,,$19.44,$2.08,$5.00,$26.52
170,MNQ DEC26,Sim-sample,,Short,3,24733.52,24726.53,09/19/2026 02:44:43 AM,09/19/2026 02:53:53 AM,,,$38.82,$3.12,$5.00,$46.94
171,MNQ DEC26,Sim-sample,,Long,1,24058.38,24063.05,09/19/2026 03:51:53 AM,09/19/2026 03:54:56 AM,,,$8.30,$1.04,$5.00,$14.34
172,MNQ DEC26,Sim-sample,,Long,2,24058.38,24064.45,09/19/2026 03:51:53 AM,09/19/2026 03:55:26 AM,,,$22.20,$2.08,$5.00,$29.28
173,MNQ DEC26,Sim-sample,,Long,1,24506.95,24514.61,09/19/2026 03:55:56 AM,09/19/2026 04:07:14 AM,,,$14.28,$1.04,$5.00,$20.32
174,MNQ DEC26,Sim-sample,,Long,1,24994.06,24999.76,09/19/2026 04:49:14 AM,09/19/2026 04:50:23 AM,,,$10.36,$1.04,$5.00,$16.40
175,MNQ DEC26,Sim-sample,,Long,2,24994.06,25001.47,09/19/2026 04:49:14 AM,09/19/2026 04:50:53 AM,,,$27.56,$2.08,$5.00,$34.64
176,MES DEC26,Sim-sample,,Short,1,6599.32,6608.75,09/21/2026 10:00:00 PM,09/21/2026 10:04:11 PM,,,-$48.19,$1.04,$52.15,$5.00
177,MNQ DEC26,Sim-sample,,Long,1,24942.85,24952.6,09/21/2026 10:21:11 PM,09/21/2026 10:33:22 PM,,,$18.46,$1.04,$5.00,$24.50
178,MNQ DEC26,Sim-sample,,Short,3,24971.89,24984.12,09/21/2026 10:50:22 PM,09/21/2026 10:59:37 PM,,,-$76.50,$3.12,$78.38,$5.00
179,MGC DEC26,Sim-sample,,Long,1,3590.47,3586.29,09/21/2026 11:59:37 PM,09/22/2026 12:04:23 AM,,,-$42.84,$1.04,$46.80,$5.00
180,MNQ DEC26,Sim-sample,,Long,2,24239.17,24245.67,09/22/2026 12:58:23 AM,09/22/2026 01:08:58 AM,,,$23.92,$2.08,$5.00,$31.00
181,MES DEC26,Sim-sample,,Short,2,6405.3,6417.67,09/22/2026 02:07:58 AM,09/22/2026 02:22:56 AM,,,-$125.78,$2.08,$128.70,$5.00
182,MNQ DEC26,Sim-sample,,Short,1,24910.79,24902.52,09/22/2026 03:09:56 AM,09/22/2026 03:19:54 AM,,,$15.50,$1.04,$5.00,$21.54
183,MNQ DEC26,Sim-sample,,Long,1,24700.74,24705.2,09/22/2026 03:29:54 AM,09/22/2026 03:32:39 AM,,,$7.88,$1.04,$5.00,$13.92
184,MNQ DEC26,Sim-sample,,Long,1,24761.77,24756.98,09/22/2026 03:34:39 AM,09/22/2026 03:45:03 AM,,,-$10.62,$1.04,$14.58,$5.00
185,MES DEC26,Sim-sample,,Long,2,6406.77,6411.62,09/22/2026 03:58:03 AM,09/22/2026 04:00:17 AM,,,$46.42,$2.08,$5.00,$53.50
186,MGC DEC26,Sim-sample,,Long,2,3575.74,3579.93,09/22/2026 04:55:17 AM,09/22/2026 05:09:07 AM,,,$81.72,$2.08,$5.00,$88.80
187,MNQ DEC26,Sim-sample,,Short,2,24048.41,24042.25,09/22/2026 05:23:07 AM,09/22/2026 05:28:16 AM,,,$22.56,$2.08,$5.00,$29.64
188,MES DEC26,Sim-sample,,Short,2,6406.25,6410.62,09/22/2026 02:58:00 AM,09/22/2026 03:05:22 AM,,,-$45.78,$2.08,$48.70,$5.00
189,MES DEC26,Sim-sample,,Short,2,6542.88,6553.33,09/22/2026 03:39:22 AM,09/22/2026 03:43:23 AM,,,-$106.58,$2.08,$109.50,$5.00
190,MNQ DEC26,Sim-sample,,Short,1,24762.18,24754.47,09/22/2026 04:36:23 AM,09/22/2026 04:41:38 AM,,,$14.38,$1.04,$5.00,$20.42
191,MNQ DEC26,Sim-sample,,Short,1,24967.16,24956.99,09/22/2026 04:45:38 AM,09/22/2026 04:49:06 AM,,,$19.30,$1.04,$5.00,$25.34
192,MNQ DEC26,Sim-sample,,Short,3,24938.29,24945.69,09/22/2026 05:27:06 AM,09/22/2026 05:31:05 AM,,,-$47.52,$3.12,$49.40,$5.00
193,MNQ DEC26,Sim-sample,,Long,2,24104.56,24092.19,09/22/2026 05:42:05 AM,09/22/2026 05:55:50 AM,,,-$51.56,$2.08,$54.48,$5.00
194,MNQ DEC26,Sim-sample,,Short,2,24888.45,24901.39,09/22/2026 06:16:50 AM,09/22/2026 06:24:22 AM,,,-$53.84,$2.08,$56.76,$5.00
195,MNQ DEC26,Sim-sample,,Short,2,24379.31,24371.41,09/22/2026 06:26:22 AM,09/22/2026 06:29:37 AM,,,$29.52,$2.08,$5.00,$36.60
196,MNQ DEC26,Sim-sample,,Short,1,24605.35,24595.56,09/22/2026 07:26:37 AM,09/22/2026 07:39:48 AM,,,$18.54,$1.04,$5.00,$24.58
197,MNQ DEC26,Sim-sample,,Short,3,24553.74,24543.15,09/22/2026 07:42:48 AM,09/22/2026 07:54:25 AM,,,$60.42,$3.12,$5.00,$68.54
198,MNQ DEC26,Sim-sample,,Short,3,24885.13,24879.12,09/22/2026 08:24:25 AM,09/22/2026 08:35:43 AM,,,$32.94,$3.12,$5.00,$41.06
199,MNQ DEC26,Sim-sample,,Long,1,24160.92,24149.69,09/23/2026 02:19:00 AM,09/23/2026 02:25:16 AM,,,-$23.50,$1.04,$27.46,$5.00
200,MGC DEC26,Sim-sample,,Short,1,3538.42,3529.5,09/23/2026 02:46:16 AM,09/23/2026 02:49:56 AM,,,$88.16,$1.04,$5.00,$94.20
201,MES DEC26,Sim-sample,,Short,2,6456.16,6452.18,09/23/2026 02:59:56 AM,09/23/2026 03:02:05 AM,,,$37.72,$2.08,$5.00,$44.80
202,MNQ DEC26,Sim-sample,,Long,1,24222.45,24232.57,09/23/2026 03:59:05 AM,09/23/2026 04:11:15 AM,,,$19.20,$1.04,$5.00,$25.24
203,MNQ DEC26,Sim-sample,,Long,1,24740.95,24750.59,09/23/2026 04:52:15 AM,09/23/2026 04:52:40 AM,,,$18.24,$1.04,$5.00,$24.28
204,MES DEC26,Sim-sample,,Short,1,6528.34,6540.17,09/23/2026 05:51:40 AM,09/23/2026 06:05:12 AM,,,-$60.19,$1.04,$64.15,$5.00
205,MES DEC26,Sim-sample,,Long,1,6540.13,6545.95,09/23/2026 06:43:12 AM,09/23/2026 06:54:15 AM,,,$28.06,$1.04,$5.00,$34.10
206,MNQ DEC26,Sim-sample,,Short,1,24019.66,24012.85,09/23/2026 07:52:15 AM,09/23/2026 08:00:21 AM,,,$12.58,$1.04,$5.00,$18.62
207,MNQ DEC26,Sim-sample,,Long,2,24908.19,24899.53,09/23/2026 08:55:21 AM,09/23/2026 09:04:02 AM,,,-$36.72,$2.08,$39.64,$5.00
208,MNQ DEC26,Sim-sample,,Long,1,24519.22,24503.8,09/23/2026 09:11:02 AM,09/23/2026 09:14:46 AM,,,-$31.88,$1.04,$35.84,$5.00
209,MES DEC26,Sim-sample,,Short,1,6527.85,6520.57,09/23/2026 09:21:46 AM,09/23/2026 09:22:22 AM,,,$35.36,$1.04,$5.00,$41.40
210,MES DEC26,Sim-sample,,Short,2,6527.85,6518.38,09/23/2026 09:21:46 AM,09/23/2026 09:22:52 AM,,,$92.62,$2.08,$5.00,$99.70
211,MNQ DEC26,Sim-sample,,Short,1,24762.7,24768.91,09/23/2026 09:56:22 AM,09/23/2026 10:05:28 AM,,,-$13.46,$1.04,$17.42,$5.00
212,MNQ DEC26,Sim-sample,,Short,1,24013.31,24006.87,09/23/2026 10:13:28 AM,09/23/2026 10:14:50 AM,,,$11.84,$1.04,$5.00,$17.88
213,MGC DEC26,Sim-sample,,Short,1,3540.05,3535.03,09/23/2026 10:41:50 AM,09/23/2026 10:54:49 AM,,,$49.16,$1.04,$5.00,$55.20
214,MGC DEC26,Sim-sample,,Short,2,3540.05,3533.52,09/23/2026 10:41:50 AM,09/23/2026 10:55:19 AM,,,$128.52,$2.08,$5.00,$135.60
215,MGC DEC26,Sim-sample,,Short,2,3506.89,3502.73,09/23/2026 11:09:49 AM,09/23/2026 11:23:24 AM,,,$81.12,$2.08,$5.00,$88.20
216,MNQ DEC26,Sim-sample,,Long,1,24795.26,24804.01,09/24/2026 01:30:00 AM,09/24/2026 01:44:18 AM,,,$16.46,$1.04,$5.00,$22.50
217,MNQ DEC26,Sim-sample,,Short,1,24354.75,24368.11,09/24/2026 02:11:18 AM,09/24/2026 02:19:38 AM,,,-$27.76,$1.04,$31.72,$5.00
218,MNQ DEC26,Sim-sample,,Short,2,24354.75,24372.12,09/24/2026 02:11:18 AM,09/24/2026 02:20:08 AM,,,-$71.56,$2.08,$74.48,$5.00
219,MNQ DEC26,Sim-sample,,Short,2,24721.79,24731.57,09/24/2026 02:37:38 AM,09/24/2026 02:51:42 AM,,,-$41.20,$2.08,$44.12,$5.00
220,MNQ DEC26,Sim-sample,,Short,2,24085.42,24078.56,09/24/2026 03:09:42 AM,09/24/2026 03:20:54 AM,,,$25.36,$2.08,$5.00,$32.44
221,MNQ DEC26,Sim-sample,,Short,2,24784.04,24773.59,09/24/2026 04:18:54 AM,09/24/2026 04:24:46 AM,,,$39.72,$2.08,$5.00,$46.80
222,MNQ DEC26,Sim-sample,,Short,3,24655.96,24652.86,09/24/2026 04:33:46 AM,09/24/2026 04:35:19 AM,,,$15.48,$3.12,$5.00,$23.60
223,MNQ DEC26,Sim-sample,,Long,1,24208.54,24200.38,09/24/2026 04:42:19 AM,09/24/2026 04:45:15 AM,,,-$17.36,$1.04,$21.32,$5.00
224,MES DEC26,Sim-sample,,Long,1,6418.08,6406.78,09/24/2026 05:11:15 AM,09/24/2026 05:24:55 AM,,,-$57.54,$1.04,$61.50,$5.00
225,MES DEC26,Sim-sample,,Long,2,6418.08,6403.39,09/24/2026 05:11:15 AM,09/24/2026 05:25:25 AM,,,-$148.98,$2.08,$151.90,$5.00
226,MES DEC26,Sim-sample,,Short,1,6548.38,6543.46,09/24/2026 06:00:55 AM,09/24/2026 06:02:35 AM,,,$23.56,$1.04,$5.00,$29.60
227,MNQ DEC26,Sim-sample,,Long,3,24139.34,24146.11,09/24/2026 06:31:35 AM,09/24/2026 06:46:01 AM,,,$37.50,$3.12,$5.00,$45.62
228,MNQ DEC26,Sim-sample,,Long,2,24862.88,24867.36,09/24/2026 06:50:01 AM,09/24/2026 07:00:34 AM,,,$15.84,$2.08,$5.00,$22.92
229,MNQ DEC26,Sim-sample,,Short,2,24840.57,24850.54,09/24/2026 07:01:34 AM,09/24/2026 07:06:57 AM,,,-$41.96,$2.08,$44.88,$5.00
230,MNQ DEC26,Sim-sample,,Long,1,24020.56,24029.29,09/24/2026 07:30:57 AM,09/24/2026 07:31:46 AM,,,$16.42,$1.04,$5.00,$22.46
231,MNQ DEC26,Sim-sample,,Short,1,24033.9,24026.54,09/24/2026 07:34:46 AM,09/24/2026 07:37:33 AM,,,$13.68,$1.04,$5.00,$19.72
232,MNQ DEC26,Sim-sample,,Long,2,24474.53,24483.46,09/24/2026 08:23:33 AM,09/24/2026 08:29:42 AM,,,$33.64,$2.08,$5.00,$40.72
233,MNQ DEC26,Sim-sample,,Long,2,24052.72,24059.52,09/24/2026 09:03:42 AM,09/24/2026 09:13:29 AM,,,$25.12,$2.08,$5.00,$32.20
234,MNQ DEC26,Sim-sample,,Short,3,24791.95,24787.12,09/25/2026 02:22:00 AM,09/25/2026 02:30:44 AM,,,$25.86,$3.12,$5.00,$33.98
235,MNQ DEC26,Sim-sample,,Long,1,24398.88,24393.83,09/25/2026 02:51:44 AM,09/25/2026 02:52:45 AM,,,-$11.14,$1.04,$15.10,$5.00
236,MNQ DEC26,Sim-sample,,Long,2,24398.88,24392.31,09/25/2026 02:51:44 AM,09/25/2026 02:53:15 AM,,,-$28.36,$2.08,$31.28,$5.00
237,MNQ DEC26,Sim-sample,,Long,2,24821.96,24825.02,09/25/2026 03:18:45 AM,09/25/2026 03:22:19 AM,,,$10.16,$2.08,$5.00,$17.24
238,MNQ DEC26,Sim-sample,,Long,1,24147.05,24135.71,09/25/2026 03:53:19 AM,09/25/2026 04:04:10 AM,,,-$23.72,$1.04,$27.68,$5.00
239,MNQ DEC26,Sim-sample,,Long,2,24147.05,24132.31,09/25/2026 03:53:19 AM,09/25/2026 04:04:40 AM,,,-$61.04,$2.08,$63.96,$5.00
240,MNQ DEC26,Sim-sample,,Long,1,24762.67,24771.37,09/25/2026 04:49:10 AM,09/25/2026 05:00:10 AM,,,$16.36,$1.04,$5.00,$22.40
241,MNQ DEC26,Sim-sample,,Long,2,24013.43,23998.46,09/25/2026 05:07:10 AM,09/25/2026 05:18:41 AM,,,-$61.96,$2.08,$64.88,$5.00
242,MES DEC26,Sim-sample,,Short,3,6484.36,6498.71,09/25/2026 06:14:41 AM,09/25/2026 06:18:10 AM,,,-$218.37,$3.12,$220.25,$5.00
243,MNQ DEC26,Sim-sample,,Long,2,24773.78,24777.13,09/25/2026 06:46:10 AM,09/25/2026 06:48:31 AM,,,$11.32,$2.08,$5.00,$18.40
244,MNQ DEC26,Sim-sample,,Short,2,24591.97,24582.85,09/25/2026 07:15:31 AM,09/25/2026 07:25:59 AM,,,$34.40,$2.08,$5.00,$41.48
245,MGC DEC26,Sim-sample,,Short,2,3521.23,3517.48,09/25/2026 08:08:59 AM,09/25/2026 08:17:22 AM,,,$72.92,$2.08,$5.00,$80.00
246,MNQ DEC26,Sim-sample,,Short,1,24088.14,24079.12,09/25/2026 08:27:22 AM,09/25/2026 08:42:21 AM,,,$17.00,$1.04,$5.00,$23.04
247,MNQ DEC26,Sim-sample,,Short,1,24733.56,24725.44,09/25/2026 09:38:21 AM,09/25/2026 09:46:22 AM,,,$15.20,$1.04,$5.00,$21.24
248,MGC DEC26,Sim-sample,,Short,1,3555.75,3560.76,09/25/2026 09:58:22 AM,09/25/2026 10:09:25 AM,,,-$51.14,$1.04,$55.10,$5.00
249,MGC DEC26,Sim-sample,,Long,1,3568.66,3571.79,09/28/2026 09:42:00 PM,09/28/2026 09:53:26 PM,,,$30.26,$1.04,$5.00,$36.30
250,MNQ DEC26,Sim-sample,,Short,2,24486.33,24492.32,09/28/2026 10:33:26 PM,09/28/2026 10:48:00 PM,,,-$26.04,$2.08,$28.96,$5.00
251,MNQ DEC26,Sim-sample,,Short,2,24116.71,24122.45,09/28/2026 10:52:00 PM,09/28/2026 11:05:56 PM,,,-$25.04,$2.08,$27.96,$5.00
252,MNQ DEC26,Sim-sample,,Short,2,24784.62,24774.54,09/28/2026 11:47:56 PM,09/28/2026 11:52:54 PM,,,$38.24,$2.08,$5.00,$45.32
253,MNQ DEC26,Sim-sample,,Short,1,24827.41,24839.22,09/29/2026 12:29:54 AM,09/29/2026 12:43:55 AM,,,-$24.66,$1.04,$28.62,$5.00
254,MES DEC26,Sim-sample,,Long,1,6595.28,6601.06,09/29/2026 01:05:55 AM,09/29/2026 01:13:33 AM,,,$27.86,$1.04,$5.00,$33.90
255,MNQ DEC26,Sim-sample,,Short,3,24283.31,24290.12,09/29/2026 01:29:33 AM,09/29/2026 01:37:35 AM,,,-$43.98,$3.12,$45.86,$5.00
256,MNQ DEC26,Sim-sample,,Long,1,24042.3,24029.14,09/29/2026 01:54:35 AM,09/29/2026 02:08:16 AM,,,-$27.36,$1.04,$31.32,$5.00
257,MNQ DEC26,Sim-sample,,Long,2,24042.3,24025.19,09/29/2026 01:54:35 AM,09/29/2026 02:08:46 AM,,,-$70.52,$2.08,$73.44,$5.00
258,MES DEC26,Sim-sample,,Long,2,6536.93,6523.36,09/29/2026 03:00:16 AM,09/29/2026 03:09:56 AM,,,-$137.78,$2.08,$140.70,$5.00
259,MNQ DEC26,Sim-sample,,Long,1,24787.69,24797.87,09/29/2026 04:08:56 AM,09/29/2026 04:12:41 AM,,,$19.32,$1.04,$5.00,$25.36
260,MNQ DEC26,Sim-sample,,Long,2,24787.69,24800.92,09/29/2026 04:08:56 AM,09/29/2026 04:13:11 AM,,,$50.84,$2.08,$5.00,$57.92
261,MNQ DEC26,Sim-sample,,Short,1,24791.66,24802.7,09/29/2026 02:38:00 AM,09/29/2026 02:38:29 AM,,,-$23.12,$1.04,$27.08,$5.00
262,MNQ DEC26,Sim-sample,,Short,1,24885.09,24876.87,09/29/2026 03:08:29 AM,09/29/2026 03:13:14 AM,,,$15.40,$1.04,$5.00,$21.44
263,MNQ DEC26,Sim-sample,,Long,1,24701.06,24704.89,09/29/2026 03:47:14 AM,09/29/2026 04:01:19 AM,,,$6.62,$1.04,$5.00,$12.66
264,MNQ DEC26,Sim-sample,,Short,2,24044.59,24058.87,09/29/2026 04:25:19 AM,09/29/2026 04:29:51 AM,,,-$59.20,$2.08,$62.12,$5.00
265,MNQ DEC26,Sim-sample,,Long,2,24315.79,24302.34,09/29/2026 05:01:51 AM,09/29/2026 05:04:50 AM,,,-$55.88,$2.08,$58.80,$5.00
266,MNQ DEC26,Sim-sample,,Long,1,24486.32,24498.23,09/29/2026 05:06:50 AM,09/29/2026 05:16:49 AM,,,$22.78,$1.04,$5.00,$28.82
267,MNQ DEC26,Sim-sample,,Short,3,24843.75,24859.31,09/30/2026 01:16:00 AM,09/30/2026 01:20:40 AM,,,-$96.48,$3.12,$98.36,$5.00
268,MNQ DEC26,Sim-sample,,Long,1,24458.28,24464.61,09/30/2026 01:32:40 AM,09/30/2026 01:45:02 AM,,,$11.62,$1.04,$5.00,$17.66
269,MGC DEC26,Sim-sample,,Long,3,3595.93,3580.86,09/30/2026 02:40:02 AM,09/30/2026 02:52:25 AM,,,-$455.22,$3.12,$457.10,$5.00
270,MNQ DEC26,Sim-sample,,Long,3,24370.91,24377.95,09/30/2026 03:29:25 AM,09/30/2026 03:32:28 AM,,,$39.12,$3.12,$5.00,$47.24
271,MNQ DEC26,Sim-sample,,Long,2,24904.57,24899.86,09/30/2026 04:19:28 AM,09/30/2026 04:29:14 AM,,,-$20.92,$2.08,$23.84,$5.00
272,MGC DEC26,Sim-sample,,Short,3,3505.58,3517.34,09/30/2026 05:23:14 AM,09/30/2026 05:31:49 AM,,,-$355.92,$3.12,$357.80,$5.00
273,MNQ DEC26,Sim-sample,,Long,2,24105.42,24112.39,09/30/2026 06:20:49 AM,09/30/2026 06:32:17 AM,,,$25.80,$2.08,$5.00,$32.88
274,MNQ DEC26,Sim-sample,,Short,1,24238.46,24232.04,09/30/2026 06:53:17 AM,09/30/2026 07:01:08 AM,,,$11.80,$1.04,$5.00,$17.84
275,MGC DEC26,Sim-sample,,Long,2,3515.7,3509.36,09/30/2026 07:11:08 AM,09/30/2026 07:12:04 AM,,,-$128.88,$2.08,$131.80,$5.00
276,MNQ DEC26,Sim-sample,,Short,1,24842.25,24857.75,09/30/2026 08:06:04 AM,09/30/2026 08:12:58 AM,,,-$32.04,$1.04,$36.00,$5.00
277,MNQ DEC26,Sim-sample,,Long,2,24221.65,24227.94,10/01/2026 12:28:00 AM,10/01/2026 12:33:59 AM,,,$23.08,$2.08,$5.00,$30.16
278,MNQ DEC26,Sim-sample,,Short,3,24266.4,24275.67,10/01/2026 12:37:59 AM,10/01/2026 12:40:51 AM,,,-$58.74,$3.12,$60.62,$5.00
279,MNQ DEC26,Sim-sample,,Short,2,24318.07,24325.2,10/01/2026 12:50:51 AM,10/01/2026 12:53:02 AM,,,-$30.60,$2.08,$33.52,$5.00
280,MNQ DEC26,Sim-sample,,Long,1,24925.23,24936.29,10/01/2026 01:51:02 AM,10/01/2026 02:02:46 AM,,,$21.08,$1.04,$5.00,$27.12
281,MNQ DEC26,Sim-sample,,Long,2,24925.23,24939.6,10/01/2026 01:51:02 AM,10/01/2026 02:03:16 AM,,,$55.40,$2.08,$5.00,$62.48
282,MNQ DEC26,Sim-sample,,Short,1,24998.09,25007.27,10/01/2026 02:56:46 AM,10/01/2026 03:01:33 AM,,,-$19.40,$1.04,$23.36,$5.00
283,MNQ DEC26,Sim-sample,,Short,2,24726.47,24722.01,10/01/2026 04:01:33 AM,10/01/2026 04:16:05 AM,,,$15.76,$2.08,$5.00,$22.84
284,MNQ DEC26,Sim-sample,,Long,2,24443.01,24434.92,10/01/2026 04:35:05 AM,10/01/2026 04:37:48 AM,,,-$34.44,$2.08,$37.36,$5.00
285,MES DEC26,Sim-sample,,Short,1,6443.65,6440.29,10/01/2026 05:28:48 AM,10/01/2026 05:36:06 AM,,,$15.76,$1.04,$5.00,$21.80
286,MNQ DEC26,Sim-sample,,Long,1,24600.65,24588.11,10/01/2026 06:13:06 AM,10/01/2026 06:16:47 AM,,,-$26.12,$1.04,$30.08,$5.00
287,MNQ DEC26,Sim-sample,,Long,2,24600.65,24584.35,10/01/2026 06:13:06 AM,10/01/2026 06:17:17 AM,,,-$67.28,$2.08,$70.20,$5.00
288,MNQ DEC26,Sim-sample,,Short,2,24707.76,24703.53,10/01/2026 07:13:47 AM,10/01/2026 07:25:32 AM,,,$14.84,$2.08,$5.00,$21.92
289,MNQ DEC26,Sim-sample,,Short,1,24408.12,24398.89,10/01/2026 08:17:32 AM,10/01/2026 08:26:44 AM,,,$17.42,$1.04,$5.00,$23.46
